"row_names","Wk","Day","Date","Time","Home","Score","Away","Attendance","Venue","Referee","Match Report","Notes","Season"
"1",1,"Fri","2018-08-10","20:00","Manchester Utd","2_1","Leicester City","74439","Old Trafford","Andre Marriner","Match Report",,18
"2",1,"Sat","2018-08-11","12:30","Newcastle Utd","1_2","Tottenham","51749","St. James' Park","Martin Atkinson","Match Report",,18
"3",1,"Sat","2018-08-11","15:00","Huddersfield","0_3","Chelsea","24121","The John Smith's Stadium","Chris Kavanagh","Match Report",,18
"4",1,"Sat","2018-08-11","15:00","Fulham","0_2","Crystal Palace","24821","Craven Cottage","Mike Dean","Match Report",,18
"5",1,"Sat","2018-08-11","15:00","Watford","2_0","Brighton","20051","Vicarage Road Stadium","Jonathan Moss","Match Report",,18
"6",1,"Sat","2018-08-11","15:00","Bournemouth","2_0","Cardiff City","10353","Vitality Stadium","Kevin Friend","Match Report",,18
"7",1,"Sat","2018-08-11","17:30","Wolves","2_2","Everton","31231","Molineux Stadium","Craig Pawson","Match Report",,18
"8",1,"Sun","2018-08-12","13:30","Southampton","0_0","Burnley","30784","St. Mary's Stadium","Graham Scott","Match Report",,18
"9",1,"Sun","2018-08-12","13:30","Liverpool","4_0","West Ham","53235","Anfield","Anthony Taylor","Match Report",,18
"10",1,"Sun","2018-08-12","16:00","Arsenal","0_2","Manchester City","59934","Emirates Stadium","Michael Oliver","Match Report",,18
"12",2,"Sat","2018-08-18","12:30","Cardiff City","0_0","Newcastle Utd","30720","Cardiff City Stadium","Craig Pawson","Match Report",,18
"13",2,"Sat","2018-08-18","15:00","West Ham","1_2","Bournemouth","56888","London Stadium","Stuart Attwell","Match Report",,18
"14",2,"Sat","2018-08-18","15:00","Everton","2_1","Southampton","38601","Goodison Park","Lee Mason","Match Report",,18
"15",2,"Sat","2018-08-18","15:00","Leicester City","2_0","Wolves","32043","King Power Stadium","Mike Dean","Match Report",,18
"16",2,"Sat","2018-08-18","15:00","Tottenham","3_1","Fulham","58297","Wembley Stadium","Anthony Taylor","Match Report",,18
"17",2,"Sat","2018-08-18","17:30","Chelsea","3_2","Arsenal","40491","Stamford Bridge","Martin Atkinson","Match Report",,18
"18",2,"Sun","2018-08-19","13:30","Burnley","1_3","Watford","18822","Turf Moor","Paul Tierney","Match Report",,18
"19",2,"Sun","2018-08-19","13:30","Manchester City","6_1","Huddersfield","54021","Etihad Stadium","Andre Marriner","Match Report",,18
"20",2,"Sun","2018-08-19","16:00","Brighton","3_2","Manchester Utd","30592","The American Express Community Stadium","Kevin Friend","Match Report",,18
"21",2,"Mon","2018-08-20","20:00","Crystal Palace","0_2","Liverpool","25750","Selhurst Park","Michael Oliver","Match Report",,18
"23",3,"Sat","2018-08-25","12:30","Wolves","1_1","Manchester City","31322","Molineux Stadium","Martin Atkinson","Match Report",,18
"24",3,"Sat","2018-08-25","15:00","Arsenal","3_1","West Ham","59830","Emirates Stadium","Graham Scott","Match Report",,18
"25",3,"Sat","2018-08-25","15:00","Huddersfield","0_0","Cardiff City","21193","The John Smith's Stadium","Michael Oliver","Match Report",,18
"26",3,"Sat","2018-08-25","15:00","Southampton","1_2","Leicester City","29925","St. Mary's Stadium","Jonathan Moss","Match Report",,18
"27",3,"Sat","2018-08-25","15:00","Bournemouth","2_2","Everton","10654","Vitality Stadium","Lee Probert","Match Report",,18
"28",3,"Sat","2018-08-25","17:30","Liverpool","1_0","Brighton","53294","Anfield","Chris Kavanagh","Match Report",,18
"29",3,"Sun","2018-08-26","13:30","Watford","2_1","Crystal Palace","20014","Vicarage Road Stadium","Anthony Taylor","Match Report",,18
"30",3,"Sun","2018-08-26","16:00","Newcastle Utd","1_2","Chelsea","51791","St. James' Park","Paul Tierney","Match Report",,18
"31",3,"Sun","2018-08-26","16:00","Fulham","4_2","Burnley","23438","Craven Cottage","David Coote","Match Report",,18
"32",3,"Mon","2018-08-27","20:00","Manchester Utd","0_3","Tottenham","74400","Old Trafford","Craig Pawson","Match Report",,18
"34",4,"Sat","2018-09-01","12:30","Leicester City","1_2","Liverpool","32149","King Power Stadium","Paul Tierney","Match Report",,18
"35",4,"Sat","2018-09-01","15:00","West Ham","0_1","Wolves","56947","London Stadium","Chris Kavanagh","Match Report",,18
"36",4,"Sat","2018-09-01","15:00","Everton","1_1","Huddersfield","38767","Goodison Park","Stuart Attwell","Match Report",,18
"37",4,"Sat","2018-09-01","15:00","Chelsea","2_0","Bournemouth","40178","Stamford Bridge","Lee Mason","Match Report",,18
"38",4,"Sat","2018-09-01","15:00","Brighton","2_2","Fulham","30526","The American Express Community Stadium","Lee Probert","Match Report",,18
"39",4,"Sat","2018-09-01","15:00","Crystal Palace","0_2","Southampton","25495","Selhurst Park","Martin Atkinson","Match Report",,18
"40",4,"Sat","2018-09-01","17:30","Manchester City","2_1","Newcastle Utd","53946","Etihad Stadium","Kevin Friend","Match Report",,18
"41",4,"Sun","2018-09-02","13:30","Cardiff City","2_3","Arsenal","32316","Cardiff City Stadium","Anthony Taylor","Match Report",,18
"42",4,"Sun","2018-09-02","16:00","Watford","2_1","Tottenham","20141","Vicarage Road Stadium","Andre Marriner","Match Report",,18
"43",4,"Sun","2018-09-02","16:00","Burnley","0_2","Manchester Utd","21525","Turf Moor","Jonathan Moss","Match Report",,18
"45",5,"Sat","2018-09-15","12:30","Tottenham","1_2","Liverpool","80188","Wembley Stadium","Michael Oliver","Match Report",,18
"46",5,"Sat","2018-09-15","15:00","Bournemouth","4_2","Leicester City","10543","Vitality Stadium","Craig Pawson","Match Report",,18
"47",5,"Sat","2018-09-15","15:00","Newcastle Utd","1_2","Arsenal","52165","St. James' Park","Lee Probert","Match Report",,18
"48",5,"Sat","2018-09-15","15:00","Huddersfield","0_1","Crystal Palace","23696","The John Smith's Stadium","Lee Mason","Match Report",,18
"49",5,"Sat","2018-09-15","15:00","Manchester City","3_0","Fulham","53307","Etihad Stadium","Stuart Attwell","Match Report",,18
"50",5,"Sat","2018-09-15","15:00","Chelsea","4_1","Cardiff City","40499","Stamford Bridge","Jonathan Moss","Match Report",,18
"51",5,"Sat","2018-09-15","17:30","Watford","1_2","Manchester Utd","20537","Vicarage Road Stadium","Mike Dean","Match Report",,18
"52",5,"Sun","2018-09-16","13:30","Wolves","1_0","Burnley","30406","Molineux Stadium","Andre Marriner","Match Report",,18
"53",5,"Sun","2018-09-16","16:00","Everton","1_3","West Ham","39161","Goodison Park","Martin Atkinson","Match Report",,18
"54",5,"Mon","2018-09-17","20:00","Southampton","2_2","Brighton","28811","St. Mary's Stadium","Anthony Taylor","Match Report",,18
"56",6,"Sat","2018-09-22","12:30","Fulham","1_1","Watford","23418","Craven Cottage","Martin Atkinson","Match Report",,18
"57",6,"Sat","2018-09-22","15:00","Cardiff City","0_5","Manchester City","32321","Cardiff City Stadium","Michael Oliver","Match Report",,18
"58",6,"Sat","2018-09-22","15:00","Leicester City","3_1","Huddersfield","31676","King Power Stadium","David Coote","Match Report",,18
"59",6,"Sat","2018-09-22","15:00","Crystal Palace","0_0","Newcastle Utd","25679","Selhurst Park","Andre Marriner","Match Report",,18
"60",6,"Sat","2018-09-22","15:00","Burnley","4_0","Bournemouth","18636","Turf Moor","Anthony Taylor","Match Report",,18
"61",6,"Sat","2018-09-22","15:00","Liverpool","3_0","Southampton","50965","Anfield","Paul Tierney","Match Report",,18
"62",6,"Sat","2018-09-22","15:00","Manchester Utd","1_1","Wolves","74489","Old Trafford","Kevin Friend","Match Report",,18
"63",6,"Sat","2018-09-22","17:30","Brighton","1_2","Tottenham","30531","The American Express Community Stadium","Chris Kavanagh","Match Report",,18
"64",6,"Sun","2018-09-23","13:30","West Ham","0_0","Chelsea","56875","London Stadium","Mike Dean","Match Report",,18
"65",6,"Sun","2018-09-23","16:00","Arsenal","2_0","Everton","59964","Emirates Stadium","Jonathan Moss","Match Report",,18
"67",7,"Sat","2018-09-29","12:30","West Ham","3_1","Manchester Utd","56938","London Stadium","Michael Oliver","Match Report",,18
"68",7,"Sat","2018-09-29","15:00","Wolves","2_0","Southampton","31147","Molineux Stadium","Stuart Attwell","Match Report",,18
"69",7,"Sat","2018-09-29","15:00","Newcastle Utd","0_2","Leicester City","51523","St. James' Park","Simon Hooper","Match Report",,18
"70",7,"Sat","2018-09-29","15:00","Arsenal","2_0","Watford","60019","Emirates Stadium","Anthony Taylor","Match Report",,18
"71",7,"Sat","2018-09-29","15:00","Huddersfield","0_2","Tottenham","23885","The John Smith's Stadium","Craig Pawson","Match Report",,18
"72",7,"Sat","2018-09-29","15:00","Everton","3_0","Fulham","38788","Goodison Park","Roger East","Match Report",,18
"73",7,"Sat","2018-09-29","15:00","Manchester City","2_0","Brighton","54152","Etihad Stadium","Lee Mason","Match Report",,18
"74",7,"Sat","2018-09-29","17:30","Chelsea","1_1","Liverpool","40625","Stamford Bridge","Andre Marriner","Match Report",,18
"75",7,"Sun","2018-09-30","16:00","Cardiff City","1_2","Burnley","30411","Cardiff City Stadium","Martin Atkinson","Match Report",,18
"76",7,"Mon","2018-10-01","20:00","Bournemouth","2_1","Crystal Palace","10199","Vitality Stadium","Mike Dean","Match Report",,18
"78",8,"Fri","2018-10-05","20:00","Brighton","1_0","West Ham","30544","The American Express Community Stadium","Kevin Friend","Match Report",,18
"79",8,"Sat","2018-10-06","15:00","Watford","0_4","Bournemouth","20139","Vicarage Road Stadium","Jonathan Moss","Match Report",,18
"80",8,"Sat","2018-10-06","15:00","Burnley","1_1","Huddersfield","20533","Turf Moor","Chris Kavanagh","Match Report",,18
"81",8,"Sat","2018-10-06","15:00","Tottenham","1_0","Cardiff City","43268","Wembley Stadium","Mike Dean","Match Report",,18
"82",8,"Sat","2018-10-06","15:00","Crystal Palace","0_1","Wolves","25715","Selhurst Park","Michael Oliver","Match Report",,18
"83",8,"Sat","2018-10-06","15:00","Leicester City","1_2","Everton","32007","King Power Stadium","Andre Marriner","Match Report",,18
"84",8,"Sat","2018-10-06","17:30","Manchester Utd","3_2","Newcastle Utd","74519","Old Trafford","Anthony Taylor","Match Report",,18
"85",8,"Sun","2018-10-07","12:00","Fulham","1_5","Arsenal","25401","Craven Cottage","Paul Tierney","Match Report",,18
"86",8,"Sun","2018-10-07","14:15","Southampton","0_3","Chelsea","27077","St. Mary's Stadium","Craig Pawson","Match Report",,18
"87",8,"Sun","2018-10-07","16:30","Liverpool","0_0","Manchester City","52117","Anfield","Martin Atkinson","Match Report",,18
"89",9,"Sat","2018-10-20","12:30","Chelsea","2_2","Manchester Utd","40721","Stamford Bridge","Mike Dean","Match Report",,18
"90",9,"Sat","2018-10-20","15:00","Newcastle Utd","0_1","Brighton","50329","St. James' Park","Andre Marriner","Match Report",,18
"91",9,"Sat","2018-10-20","15:00","Wolves","0_2","Watford","31144","Molineux Stadium","Lee Mason","Match Report",,18
"92",9,"Sat","2018-10-20","15:00","West Ham","0_1","Tottenham","56921","London Stadium","Martin Atkinson","Match Report",,18
"93",9,"Sat","2018-10-20","15:00","Manchester City","5_0","Burnley","54094","Etihad Stadium","Jonathan Moss","Match Report",,18
"94",9,"Sat","2018-10-20","15:00","Bournemouth","0_0","Southampton","10986","Vitality Stadium","Lee Probert","Match Report",,18
"95",9,"Sat","2018-10-20","15:00","Cardiff City","4_2","Fulham","29681","Cardiff City Stadium","Kevin Friend","Match Report",,18
"96",9,"Sat","2018-10-20","17:30","Huddersfield","0_1","Liverpool","24263","The John Smith's Stadium","Michael Oliver","Match Report",,18
"97",9,"Sun","2018-10-21","16:00","Everton","2_0","Crystal Palace","38668","Goodison Park","Anthony Taylor","Match Report",,18
"98",9,"Mon","2018-10-22","20:00","Arsenal","3_1","Leicester City","59886","Emirates Stadium","Chris Kavanagh","Match Report",,18
"100",10,"Sat","2018-10-27","15:00","Southampton","0_0","Newcastle Utd","30736","St. Mary's Stadium","Chris Kavanagh","Match Report",,18
"101",10,"Sat","2018-10-27","15:00","Fulham","0_3","Bournemouth","25071","Craven Cottage","Andre Marriner","Match Report",,18
"102",10,"Sat","2018-10-27","15:00","Brighton","1_0","Wolves","30654","The American Express Community Stadium","Anthony Taylor","Match Report",,18
"103",10,"Sat","2018-10-27","15:00","Watford","3_0","Huddersfield","20457","Vicarage Road Stadium","Mike Dean","Match Report",,18
"104",10,"Sat","2018-10-27","15:00","Liverpool","4_1","Cardiff City","53373","Anfield","Stuart Attwell","Match Report",,18
"105",10,"Sat","2018-10-27","17:30","Leicester City","1_1","West Ham","31848","King Power Stadium","Michael Oliver","Match Report",,18
"106",10,"Sun","2018-10-28","13:30","Crystal Palace","2_2","Arsenal","25718","Selhurst Park","Martin Atkinson","Match Report",,18
"107",10,"Sun","2018-10-28","13:30","Burnley","0_4","Chelsea","21430","Turf Moor","Craig Pawson","Match Report",,18
"108",10,"Sun","2018-10-28","16:00","Manchester Utd","2_1","Everton","74525","Old Trafford","Jonathan Moss","Match Report",,18
"109",10,"Mon","2018-10-29","20:00","Tottenham","0_1","Manchester City","56854","Wembley Stadium","Kevin Friend","Match Report",,18
"111",11,"Sat","2018-11-03","12:30","Bournemouth","1_2","Manchester Utd","10792","Vitality Stadium","Paul Tierney","Match Report",,18
"112",11,"Sat","2018-11-03","15:00","Newcastle Utd","1_0","Watford","49157","St. James' Park","Craig Pawson","Match Report",,18
"113",11,"Sat","2018-11-03","15:00","Cardiff City","0_1","Leicester City","30877","Cardiff City Stadium","Lee Probert","Match Report",,18
"114",11,"Sat","2018-11-03","15:00","Everton","3_1","Brighton","38966","Goodison Park","David Coote","Match Report",,18
"115",11,"Sat","2018-11-03","15:00","West Ham","4_2","Burnley","56862","London Stadium","Roger East","Match Report",,18
"116",11,"Sat","2018-11-03","17:30","Arsenal","1_1","Liverpool","59993","Emirates Stadium","Andre Marriner","Match Report",,18
"117",11,"Sat","2018-11-03","19:45","Wolves","2_3","Tottenham","31185","Molineux Stadium","Mike Dean","Match Report",,18
"118",11,"Sun","2018-11-04","15:00","Manchester City","6_1","Southampton","53916","Etihad Stadium","Lee Mason","Match Report",,18
"119",11,"Sun","2018-11-04","16:00","Chelsea","3_1","Crystal Palace","40407","Stamford Bridge","Michael Oliver","Match Report",,18
"120",11,"Mon","2018-11-05","20:00","Huddersfield","1_0","Fulham","17082","The John Smith's Stadium","Anthony Taylor","Match Report",,18
"122",12,"Sat","2018-11-10","12:30","Cardiff City","2_1","Brighton","29402","Cardiff City Stadium","Martin Atkinson","Match Report",,18
"123",12,"Sat","2018-11-10","15:00","Southampton","1_1","Watford","28153","St. Mary's Stadium","Simon Hooper","Match Report",,18
"124",12,"Sat","2018-11-10","15:00","Leicester City","0_0","Burnley","32184","King Power Stadium","Mike Dean","Match Report",,18
"125",12,"Sat","2018-11-10","15:00","Huddersfield","1_1","West Ham","24069","The John Smith's Stadium","Chris Kavanagh","Match Report",,18
"126",12,"Sat","2018-11-10","15:00","Newcastle Utd","2_1","Bournemouth","49266","St. James' Park","Lee Probert","Match Report",,18
"127",12,"Sat","2018-11-10","17:30","Crystal Palace","0_1","Tottenham","25685","Selhurst Park","Jonathan Moss","Match Report",,18
"128",12,"Sun","2018-11-11","12:00","Liverpool","2_0","Fulham","53128","Anfield","Paul Tierney","Match Report",,18
"129",12,"Sun","2018-11-11","14:15","Chelsea","0_0","Everton","40345","Stamford Bridge","Kevin Friend","Match Report",,18
"130",12,"Sun","2018-11-11","16:30","Manchester City","3_1","Manchester Utd","54316","Etihad Stadium","Anthony Taylor","Match Report",,18
"131",12,"Sun","2018-11-11","16:30","Arsenal","1_1","Wolves","60030","Emirates Stadium","Stuart Attwell","Match Report",,18
"133",13,"Sat","2018-11-24","15:00","West Ham","0_4","Manchester City","56886","London Stadium","Andre Marriner","Match Report",,18
"134",13,"Sat","2018-11-24","15:00","Manchester Utd","0_0","Crystal Palace","74516","Old Trafford","Lee Mason","Match Report",,18
"135",13,"Sat","2018-11-24","15:00","Fulham","3_2","Southampton","24603","Craven Cottage","Michael Oliver","Match Report",,18
"136",13,"Sat","2018-11-24","15:00","Everton","1_0","Cardiff City","39139","Goodison Park","Paul Tierney","Match Report",,18
"137",13,"Sat","2018-11-24","15:00","Brighton","1_1","Leicester City","30553","The American Express Community Stadium","Chris Kavanagh","Match Report",,18
"138",13,"Sat","2018-11-24","15:00","Watford","0_3","Liverpool","20540","Vicarage Road Stadium","Jonathan Moss","Match Report",,18
"139",13,"Sat","2018-11-24","17:30","Tottenham","3_1","Chelsea","55465","Wembley Stadium","Martin Atkinson","Match Report",,18
"140",13,"Sun","2018-11-25","13:30","Bournemouth","1_2","Arsenal","10792","Vitality Stadium","Craig Pawson","Match Report",,18
"141",13,"Sun","2018-11-25","16:00","Wolves","0_2","Huddersfield","30130","Molineux Stadium","Kevin Friend","Match Report",,18
"142",13,"Mon","2018-11-26","20:30","Burnley","1_2","Newcastle Utd","20628","Turf Moor","Anthony Taylor","Match Report",,18
"144",14,"Fri","2018-11-30","20:00","Cardiff City","2_1","Wolves","30213","Cardiff City Stadium","Andre Marriner","Match Report",,18
"145",14,"Sat","2018-12-01","15:00","Leicester City","2_0","Watford","31353","King Power Stadium","Graham Scott","Match Report",,18
"146",14,"Sat","2018-12-01","15:00","Huddersfield","1_2","Brighton","22973","The John Smith's Stadium","Michael Oliver","Match Report",,18
"147",14,"Sat","2018-12-01","15:00","Crystal Palace","2_0","Burnley","25098","Selhurst Park","Lee Probert","Match Report",,18
"148",14,"Sat","2018-12-01","15:00","Manchester City","3_1","Bournemouth","54409","Etihad Stadium","Stuart Attwell","Match Report",,18
"149",14,"Sat","2018-12-01","15:00","Newcastle Utd","0_3","West Ham","51853","St. James' Park","Paul Tierney","Match Report",,18
"150",14,"Sat","2018-12-01","17:30","Southampton","2_2","Manchester Utd","30187","St. Mary's Stadium","Kevin Friend","Match Report",,18
"151",14,"Sun","2018-12-02","12:00","Chelsea","2_0","Fulham","40551","Stamford Bridge","Craig Pawson","Match Report",,18
"152",14,"Sun","2018-12-02","14:05","Arsenal","4_2","Tottenham","59973","Emirates Stadium","Mike Dean","Match Report",,18
"153",14,"Sun","2018-12-02","16:15","Liverpool","1_0","Everton","51756","Anfield","Chris Kavanagh","Match Report",,18
"155",15,"Tue","2018-12-04","19:45","West Ham","3_1","Cardiff City","56811","London Stadium","Graham Scott","Match Report",,18
"156",15,"Tue","2018-12-04","19:45","Brighton","3_1","Crystal Palace","29663","The American Express Community Stadium","Kevin Friend","Match Report",,18
"157",15,"Tue","2018-12-04","19:45","Bournemouth","2_1","Huddersfield","9980","Vitality Stadium","Roger East","Match Report",,18
"158",15,"Tue","2018-12-04","20:00","Watford","1_2","Manchester City","20389","Vicarage Road Stadium","Paul Tierney","Match Report",,18
"159",15,"Wed","2018-12-05","19:45","Everton","1_1","Newcastle Utd","39350","Goodison Park","Lee Mason","Match Report",,18
"160",15,"Wed","2018-12-05","19:45","Fulham","1_1","Leicester City","22881","Craven Cottage","David Coote","Match Report",,18
"161",15,"Wed","2018-12-05","19:45","Wolves","2_1","Chelsea","31300","Molineux Stadium","Jonathan Moss","Match Report",,18
"162",15,"Wed","2018-12-05","19:45","Burnley","1_3","Liverpool","21741","Turf Moor","Stuart Attwell","Match Report",,18
"163",15,"Wed","2018-12-05","20:00","Manchester Utd","2_2","Arsenal","74507","Old Trafford","Andre Marriner","Match Report",,18
"164",15,"Wed","2018-12-05","20:00","Tottenham","3_1","Southampton","33012","Wembley Stadium","Anthony Taylor","Match Report",,18
"166",16,"Sat","2018-12-08","12:30","Bournemouth","0_4","Liverpool","10752","Vitality Stadium","Lee Mason","Match Report",,18
"167",16,"Sat","2018-12-08","15:00","Cardiff City","1_0","Southampton","30067","Cardiff City Stadium","Jonathan Moss","Match Report",,18
"168",16,"Sat","2018-12-08","15:00","Manchester Utd","4_1","Fulham","74523","Old Trafford","Lee Probert","Match Report",,18
"169",16,"Sat","2018-12-08","15:00","Arsenal","1_0","Huddersfield","59893","Emirates Stadium","Paul Tierney","Match Report",,18
"170",16,"Sat","2018-12-08","15:00","West Ham","3_2","Crystal Palace","56995","London Stadium","Anthony Taylor","Match Report",,18
"171",16,"Sat","2018-12-08","15:00","Burnley","1_0","Brighton","18497","Turf Moor","Martin Atkinson","Match Report",,18
"172",16,"Sat","2018-12-08","17:30","Chelsea","2_0","Manchester City","40571","Stamford Bridge","Michael Oliver","Match Report",,18
"173",16,"Sat","2018-12-08","19:45","Leicester City","0_2","Tottenham","31957","King Power Stadium","Craig Pawson","Match Report",,18
"174",16,"Sun","2018-12-09","16:00","Newcastle Utd","1_2","Wolves","50223","St. James' Park","Mike Dean","Match Report",,18
"175",16,"Mon","2018-12-10","20:00","Everton","2_2","Watford","38400","Goodison Park","Kevin Friend","Match Report",,18
"177",17,"Sat","2018-12-15","12:30","Manchester City","3_1","Everton","54173","Etihad Stadium","Craig Pawson","Match Report",,18
"178",17,"Sat","2018-12-15","15:00","Wolves","2_0","Bournemouth","30997","Molineux Stadium","Simon Hooper","Match Report",,18
"179",17,"Sat","2018-12-15","15:00","Tottenham","1_0","Burnley","41645","Wembley Stadium","Graham Scott","Match Report",,18
"180",17,"Sat","2018-12-15","15:00","Huddersfield","0_1","Newcastle Utd","24036","The John Smith's Stadium","Anthony Taylor","Match Report",,18
"181",17,"Sat","2018-12-15","15:00","Crystal Palace","1_0","Leicester City","24738","Selhurst Park","Michael Oliver","Match Report",,18
"182",17,"Sat","2018-12-15","15:00","Watford","3_2","Cardiff City","20032","Vicarage Road Stadium","Andy Madley","Match Report",,18
"183",17,"Sat","2018-12-15","17:30","Fulham","0_2","West Ham","24081","Craven Cottage","Mike Dean","Match Report",,18
"184",17,"Sun","2018-12-16","13:30","Southampton","3_2","Arsenal","29497","St. Mary's Stadium","Chris Kavanagh","Match Report",,18
"185",17,"Sun","2018-12-16","13:30","Brighton","1_2","Chelsea","30645","The American Express Community Stadium","Stuart Attwell","Match Report",,18
"186",17,"Sun","2018-12-16","16:00","Liverpool","3_1","Manchester Utd","52908","Anfield","Martin Atkinson","Match Report",,18
"188",18,"Fri","2018-12-21","20:00","Wolves","0_2","Liverpool","31358","Molineux Stadium","Craig Pawson","Match Report",,18
"189",18,"Sat","2018-12-22","12:30","Arsenal","3_1","Burnley","59493","Emirates Stadium","Kevin Friend","Match Report",,18
"190",18,"Sat","2018-12-22","15:00","Newcastle Utd","0_0","Fulham","51237","St. James' Park","Martin Atkinson","Match Report",,18
"191",18,"Sat","2018-12-22","15:00","Chelsea","0_1","Leicester City","40558","Stamford Bridge","Lee Probert","Match Report",,18
"192",18,"Sat","2018-12-22","15:00","Bournemouth","2_0","Brighton","10491","Vitality Stadium","Mike Dean","Match Report",,18
"193",18,"Sat","2018-12-22","15:00","West Ham","0_2","Watford","56833","London Stadium","Lee Mason","Match Report",,18
"194",18,"Sat","2018-12-22","15:00","Manchester City","2_3","Crystal Palace","54340","Etihad Stadium","Andre Marriner","Match Report",,18
"195",18,"Sat","2018-12-22","15:00","Huddersfield","1_3","Southampton","22384","The John Smith's Stadium","Stuart Attwell","Match Report",,18
"196",18,"Sat","2018-12-22","17:30","Cardiff City","1_5","Manchester Utd","33028","Cardiff City Stadium","Michael Oliver","Match Report",,18
"197",18,"Sun","2018-12-23","16:00","Everton","2_6","Tottenham","39319","Goodison Park","Paul Tierney","Match Report",,18
"199",19,"Wed","2018-12-26","12:30","Fulham","1_1","Wolves","24382","Craven Cottage","Andre Marriner","Match Report",,18
"200",19,"Wed","2018-12-26","15:00","Tottenham","5_0","Bournemouth","45154","Wembley Stadium","Chris Kavanagh","Match Report",,18
"201",19,"Wed","2018-12-26","15:00","Manchester Utd","3_1","Huddersfield","74523","Old Trafford","Jonathan Moss","Match Report",,18
"202",19,"Wed","2018-12-26","15:00","Burnley","1_5","Everton","21484","Turf Moor","Michael Oliver","Match Report",,18
"203",19,"Wed","2018-12-26","15:00","Crystal Palace","0_0","Cardiff City","25206","Selhurst Park","Lee Probert","Match Report",,18
"204",19,"Wed","2018-12-26","15:00","Liverpool","4_0","Newcastle Utd","53318","Anfield","Graham Scott","Match Report",,18
"205",19,"Wed","2018-12-26","15:00","Leicester City","2_1","Manchester City","32090","King Power Stadium","Mike Dean","Match Report",,18
"206",19,"Wed","2018-12-26","17:15","Brighton","1_1","Arsenal","30608","The American Express Community Stadium","Anthony Taylor","Match Report",,18
"207",19,"Wed","2018-12-26","19:30","Watford","1_2","Chelsea","20415","Vicarage Road Stadium","Martin Atkinson","Match Report",,18
"208",19,"Thu","2018-12-27","19:45","Southampton","1_2","West Ham","31654","St. Mary's Stadium","Craig Pawson","Match Report",,18
"210",20,"Sat","2018-12-29","15:00","Brighton","1_0","Everton","30597","The American Express Community Stadium","Andy Madley","Match Report",,18
"211",20,"Sat","2018-12-29","15:00","Watford","1_1","Newcastle Utd","20336","Vicarage Road Stadium","Roger East","Match Report",,18
"212",20,"Sat","2018-12-29","15:00","Leicester City","0_1","Cardiff City","32047","King Power Stadium","Simon Hooper","Match Report",,18
"213",20,"Sat","2018-12-29","15:00","Tottenham","1_3","Wolves","46356","Wembley Stadium","Stuart Attwell","Match Report",,18
"214",20,"Sat","2018-12-29","15:00","Fulham","1_0","Huddersfield","24423","Craven Cottage","Kevin Friend","Match Report",,18
"215",20,"Sat","2018-12-29","17:30","Liverpool","5_1","Arsenal","53326","Anfield","Michael Oliver","Match Report",,18
"216",20,"Sun","2018-12-30","12:00","Crystal Palace","0_1","Chelsea","25781","Selhurst Park","Craig Pawson","Match Report",,18
"217",20,"Sun","2018-12-30","14:15","Southampton","1_3","Manchester City","31381","St. Mary's Stadium","Paul Tierney","Match Report",,18
"218",20,"Sun","2018-12-30","14:15","Burnley","2_0","West Ham","20933","Turf Moor","David Coote","Match Report",,18
"219",20,"Sun","2018-12-30","16:30","Manchester Utd","4_1","Bournemouth","74556","Old Trafford","Lee Mason","Match Report",,18
"221",21,"Tue","2019-01-01","12:30","Everton","0_1","Leicester City","39052","Goodison Park","Martin Atkinson","Match Report",,18
"222",21,"Tue","2019-01-01","15:00","Arsenal","4_1","Fulham","59887","Emirates Stadium","Graham Scott","Match Report",,18
"223",21,"Tue","2019-01-01","17:30","Cardiff City","0_3","Tottenham","32485","Cardiff City Stadium","Kevin Friend","Match Report",,18
"224",21,"Wed","2019-01-02","19:45","Huddersfield","1_2","Burnley","23715","The John Smith's Stadium","Mike Dean","Match Report",,18
"225",21,"Wed","2019-01-02","19:45","Wolves","0_2","Crystal Palace","30666","Molineux Stadium","Roger East","Match Report",,18
"226",21,"Wed","2019-01-02","19:45","Bournemouth","3_3","Watford","10261","Vitality Stadium","David Coote","Match Report",,18
"227",21,"Wed","2019-01-02","19:45","West Ham","2_2","Brighton","59870","London Stadium","Chris Kavanagh","Match Report",,18
"228",21,"Wed","2019-01-02","19:45","Chelsea","0_0","Southampton","40668","Stamford Bridge","Jonathan Moss","Match Report",,18
"229",21,"Wed","2019-01-02","20:00","Newcastle Utd","0_2","Manchester Utd","52217","St. James' Park","Andre Marriner","Match Report",,18
"230",21,"Thu","2019-01-03","20:00","Manchester City","2_1","Liverpool","54511","Etihad Stadium","Anthony Taylor","Match Report",,18
"232",22,"Sat","2019-01-12","12:30","West Ham","1_0","Arsenal","59946","London Stadium","Jonathan Moss","Match Report",,18
"233",22,"Sat","2019-01-12","15:00","Burnley","2_1","Fulham","19316","Turf Moor","Martin Atkinson","Match Report",,18
"234",22,"Sat","2019-01-12","15:00","Cardiff City","0_0","Huddersfield","30725","Cardiff City Stadium","Lee Mason","Match Report",,18
"235",22,"Sat","2019-01-12","15:00","Crystal Palace","1_2","Watford","25010","Selhurst Park","Paul Tierney","Match Report",,18
"236",22,"Sat","2019-01-12","15:00","Brighton","0_1","Liverpool","30682","The American Express Community Stadium","Kevin Friend","Match Report",,18
"237",22,"Sat","2019-01-12","15:00","Leicester City","1_2","Southampton","31491","King Power Stadium","Michael Oliver","Match Report",,18
"238",22,"Sat","2019-01-12","17:30","Chelsea","2_1","Newcastle Utd","40491","Stamford Bridge","Chris Kavanagh","Match Report",,18
"239",22,"Sun","2019-01-13","14:15","Everton","2_0","Bournemouth","38113","Goodison Park","Anthony Taylor","Match Report",,18
"240",22,"Sun","2019-01-13","16:30","Tottenham","0_1","Manchester Utd","80062","Wembley Stadium","Mike Dean","Match Report",,18
"241",22,"Mon","2019-01-14","20:00","Manchester City","3_0","Wolves","54171","Etihad Stadium","Craig Pawson","Match Report",,18
"243",23,"Sat","2019-01-19","12:30","Wolves","4_3","Leicester City","31278","Molineux Stadium","Chris Kavanagh","Match Report",,18
"244",23,"Sat","2019-01-19","15:00","Newcastle Utd","3_0","Cardiff City","49864","St. James' Park","Stuart Attwell","Match Report",,18
"245",23,"Sat","2019-01-19","15:00","Liverpool","4_3","Crystal Palace","53171","Anfield","Jonathan Moss","Match Report",,18
"246",23,"Sat","2019-01-19","15:00","Manchester Utd","2_1","Brighton","74532","Old Trafford","Paul Tierney","Match Report",,18
"247",23,"Sat","2019-01-19","15:00","Watford","0_0","Burnley","19510","Vicarage Road Stadium","Michael Oliver","Match Report",,18
"248",23,"Sat","2019-01-19","15:00","Bournemouth","2_0","West Ham","10495","Vitality Stadium","Simon Hooper","Match Report",,18
"249",23,"Sat","2019-01-19","15:00","Southampton","2_1","Everton","29989","St. Mary's Stadium","Graham Scott","Match Report",,18
"250",23,"Sat","2019-01-19","17:30","Arsenal","2_0","Chelsea","59979","Emirates Stadium","Anthony Taylor","Match Report",,18
"251",23,"Sun","2019-01-20","13:30","Huddersfield","0_3","Manchester City","24190","The John Smith's Stadium","Andre Marriner","Match Report",,18
"252",23,"Sun","2019-01-20","16:00","Fulham","1_2","Tottenham","24807","Craven Cottage","Craig Pawson","Match Report",,18
"254",24,"Tue","2019-01-29","19:45","Arsenal","2_1","Cardiff City","59933","Emirates Stadium","Mike Dean","Match Report",,18
"255",24,"Tue","2019-01-29","19:45","Fulham","4_2","Brighton","22008","Craven Cottage","Lee Probert","Match Report",,18
"256",24,"Tue","2019-01-29","19:45","Wolves","3_0","West Ham","31122","Molineux Stadium","David Coote","Match Report",,18
"257",24,"Tue","2019-01-29","19:45","Huddersfield","0_1","Everton","23699","The John Smith's Stadium","Stuart Attwell","Match Report",,18
"258",24,"Tue","2019-01-29","20:00","Newcastle Utd","2_1","Manchester City","50861","St. James' Park","Paul Tierney","Match Report",,18
"259",24,"Tue","2019-01-29","20:00","Manchester Utd","2_2","Burnley","74529","Old Trafford","Jonathan Moss","Match Report",,18
"260",24,"Wed","2019-01-30","19:45","Bournemouth","4_0","Chelsea","10227","Vitality Stadium","Roger East","Match Report",,18
"261",24,"Wed","2019-01-30","19:45","Southampton","1_1","Crystal Palace","28339","St. Mary's Stadium","Andre Marriner","Match Report",,18
"262",24,"Wed","2019-01-30","20:00","Liverpool","1_1","Leicester City","53092","Anfield","Martin Atkinson","Match Report",,18
"263",24,"Wed","2019-01-30","20:00","Tottenham","2_1","Watford","29164","Wembley Stadium","Graham Scott","Match Report",,18
"265",25,"Sat","2019-02-02","12:30","Tottenham","1_0","Newcastle Utd","41219","Wembley Stadium","Andre Marriner","Match Report",,18
"266",25,"Sat","2019-02-02","15:00","Everton","1_3","Wolves","39380","Goodison Park","Lee Mason","Match Report",,18
"267",25,"Sat","2019-02-02","15:00","Chelsea","5_0","Huddersfield","40626","Stamford Bridge","Paul Tierney","Match Report",,18
"268",25,"Sat","2019-02-02","15:00","Brighton","0_0","Watford","30414","The American Express Community Stadium","Simon Hooper","Match Report",,18
"269",25,"Sat","2019-02-02","15:00","Crystal Palace","2_0","Fulham","25355","Selhurst Park","Michael Oliver","Match Report",,18
"270",25,"Sat","2019-02-02","15:00","Burnley","1_1","Southampton","19787","Turf Moor","Anthony Taylor","Match Report",,18
"271",25,"Sat","2019-02-02","17:30","Cardiff City","2_0","Bournemouth","31939","Cardiff City Stadium","Jonathan Moss","Match Report",,18
"272",25,"Sun","2019-02-03","14:05","Leicester City","0_1","Manchester Utd","32148","King Power Stadium","Mike Dean","Match Report",,18
"273",25,"Sun","2019-02-03","16:30","Manchester City","3_1","Arsenal","54483","Etihad Stadium","Martin Atkinson","Match Report",,18
"274",25,"Mon","2019-02-04","20:00","West Ham","1_1","Liverpool","59903","London Stadium","Kevin Friend","Match Report",,18
"276",27,"Wed","2019-02-06","19:45","Everton","0_2","Manchester City","39322","Goodison Park","Craig Pawson","Match Report",,18
"278",26,"Sat","2019-02-09","12:30","Fulham","0_3","Manchester Utd","25001","Craven Cottage","Paul Tierney","Match Report",,18
"279",26,"Sat","2019-02-09","15:00","Huddersfield","1_2","Arsenal","24182","The John Smith's Stadium","Jonathan Moss","Match Report",,18
"280",26,"Sat","2019-02-09","15:00","Southampton","1_2","Cardiff City","31438","St. Mary's Stadium","Martin Atkinson","Match Report",,18
"281",26,"Sat","2019-02-09","15:00","Watford","1_0","Everton","20333","Vicarage Road Stadium","Lee Probert","Match Report",,18
"282",26,"Sat","2019-02-09","15:00","Crystal Palace","1_1","West Ham","25552","Selhurst Park","Craig Pawson","Match Report",,18
"283",26,"Sat","2019-02-09","15:00","Liverpool","3_0","Bournemouth","53178","Anfield","Anthony Taylor","Match Report",,18
"284",26,"Sat","2019-02-09","17:30","Brighton","1_3","Burnley","29323","The American Express Community Stadium","Stuart Attwell","Match Report",,18
"285",26,"Sun","2019-02-10","13:30","Tottenham","3_1","Leicester City","44154","Wembley Stadium","Michael Oliver","Match Report",,18
"286",26,"Sun","2019-02-10","16:00","Manchester City","6_0","Chelsea","54452","Etihad Stadium","Mike Dean","Match Report",,18
"287",26,"Mon","2019-02-11","20:00","Wolves","1_1","Newcastle Utd","30687","Molineux Stadium","Graham Scott","Match Report",,18
"289",27,"Fri","2019-02-22","19:45","Cardiff City","1_5","Watford","30387","Cardiff City Stadium","Simon Hooper","Match Report",,18
"290",27,"Fri","2019-02-22","19:45","West Ham","3_1","Fulham","59950","London Stadium","Lee Mason","Match Report",,18
"291",27,"Sat","2019-02-23","12:30","Burnley","2_1","Tottenham","21338","Turf Moor","Mike Dean","Match Report",,18
"292",27,"Sat","2019-02-23","15:00","Bournemouth","1_1","Wolves","10671","Vitality Stadium","Roger East","Match Report",,18
"293",27,"Sat","2019-02-23","15:00","Newcastle Utd","2_0","Huddersfield","52174","St. James' Park","Kevin Friend","Match Report",,18
"294",27,"Sat","2019-02-23","17:30","Leicester City","1_4","Crystal Palace","31778","King Power Stadium","Anthony Taylor","Match Report",,18
"295",27,"Sun","2019-02-24","14:05","Arsenal","2_0","Southampton","59877","Emirates Stadium","Graham Scott","Match Report",,18
"296",27,"Sun","2019-02-24","14:05","Manchester Utd","0_0","Liverpool","74519","Old Trafford","Michael Oliver","Match Report",,18
"298",28,"Tue","2019-02-26","19:45","Leicester City","2_1","Brighton","30558","King Power Stadium","Lee Probert","Match Report",,18
"299",28,"Tue","2019-02-26","19:45","Huddersfield","1_0","Wolves","22714","The John Smith's Stadium","David Coote","Match Report",,18
"300",28,"Tue","2019-02-26","19:45","Cardiff City","0_3","Everton","31849","Cardiff City Stadium","Kevin Friend","Match Report",,18
"301",28,"Tue","2019-02-26","20:00","Newcastle Utd","2_0","Burnley","48323","St. James' Park","Craig Pawson","Match Report",,18
"302",28,"Wed","2019-02-27","19:45","Arsenal","5_1","Bournemouth","59618","Emirates Stadium","Chris Kavanagh","Match Report",,18
"303",28,"Wed","2019-02-27","19:45","Southampton","2_0","Fulham","27597","St. Mary's Stadium","Anthony Taylor","Match Report",,18
"304",28,"Wed","2019-02-27","20:00","Manchester City","1_0","West Ham","53528","Etihad Stadium","Stuart Attwell","Match Report",,18
"305",28,"Wed","2019-02-27","20:00","Chelsea","2_0","Tottenham","40542","Stamford Bridge","Andre Marriner","Match Report",,18
"306",28,"Wed","2019-02-27","20:00","Liverpool","5_0","Watford","53316","Anfield","Graham Scott","Match Report",,18
"307",28,"Wed","2019-02-27","20:00","Crystal Palace","1_3","Manchester Utd","25754","Selhurst Park","Martin Atkinson","Match Report",,18
"309",29,"Sat","2019-03-02","12:30","Tottenham","1_1","Arsenal","81332","Wembley Stadium","Anthony Taylor","Match Report",,18
"310",29,"Sat","2019-03-02","15:00","Bournemouth","0_1","Manchester City","10699","Vitality Stadium","Kevin Friend","Match Report",,18
"311",29,"Sat","2019-03-02","15:00","Wolves","2_0","Cardiff City","31309","Molineux Stadium","Andre Marriner","Match Report",,18
"312",29,"Sat","2019-03-02","15:00","Manchester Utd","3_2","Southampton","74459","Old Trafford","Stuart Attwell","Match Report",,18
"313",29,"Sat","2019-03-02","15:00","Burnley","1_3","Crystal Palace","19223","Turf Moor","Lee Probert","Match Report",,18
"314",29,"Sat","2019-03-02","15:00","Brighton","1_0","Huddersfield","30182","The American Express Community Stadium","Mike Dean","Match Report",,18
"315",29,"Sat","2019-03-02","17:30","West Ham","2_0","Newcastle Utd","59910","London Stadium","Chris Kavanagh","Match Report",,18
"316",29,"Sun","2019-03-03","12:00","Watford","2_1","Leicester City","20062","Vicarage Road Stadium","Jonathan Moss","Match Report",,18
"317",29,"Sun","2019-03-03","14:05","Fulham","1_2","Chelsea","24900","Craven Cottage","Graham Scott","Match Report",,18
"318",29,"Sun","2019-03-03","16:15","Everton","0_0","Liverpool","39335","Goodison Park","Martin Atkinson","Match Report",,18
"320",30,"Sat","2019-03-09","12:30","Crystal Palace","1_2","Brighton","24972","Selhurst Park","Craig Pawson","Match Report",,18
"321",30,"Sat","2019-03-09","15:00","Leicester City","3_1","Fulham","32017","King Power Stadium","David Coote","Match Report",,18
"322",30,"Sat","2019-03-09","15:00","Cardiff City","2_0","West Ham","32458","Cardiff City Stadium","Graham Scott","Match Report",,18
"323",30,"Sat","2019-03-09","15:00","Newcastle Utd","3_2","Everton","52242","St. James' Park","Lee Mason","Match Report",,18
"324",30,"Sat","2019-03-09","15:00","Southampton","2_1","Tottenham","31890","St. Mary's Stadium","Kevin Friend","Match Report",,18
"325",30,"Sat","2019-03-09","15:00","Huddersfield","0_2","Bournemouth","22304","The John Smith's Stadium","Anthony Taylor","Match Report",,18
"326",30,"Sat","2019-03-09","17:30","Manchester City","3_1","Watford","54104","Etihad Stadium","Paul Tierney","Match Report",,18
"327",30,"Sun","2019-03-10","12:00","Liverpool","4_2","Burnley","53310","Anfield","Andre Marriner","Match Report",,18
"328",30,"Sun","2019-03-10","14:05","Chelsea","1_1","Wolves","40692","Stamford Bridge","Michael Oliver","Match Report",,18
"329",30,"Sun","2019-03-10","16:30","Arsenal","2_0","Manchester Utd","60000","Emirates Stadium","Jonathan Moss","Match Report",,18
"331",31,"Sat","2019-03-16","15:00","Bournemouth","2_2","Newcastle Utd","10625","Vitality Stadium","Mike Dean","Match Report",,18
"332",31,"Sat","2019-03-16","15:00","Burnley","1_2","Leicester City","20719","Turf Moor","Michael Oliver","Match Report",,18
"333",31,"Sat","2019-03-16","15:00","West Ham","4_3","Huddersfield","59931","London Stadium","Jonathan Moss","Match Report",,18
"334",31,"Sun","2019-03-17","14:15","Fulham","1_2","Liverpool","25043","Craven Cottage","Craig Pawson","Match Report",,18
"335",31,"Sun","2019-03-17","16:30","Everton","2_0","Chelsea","39356","Goodison Park","Anthony Taylor","Match Report",,18
"337",32,"Sat","2019-03-30","12:30","Fulham","0_2","Manchester City","25001","Craven Cottage","Kevin Friend","Match Report",,18
"338",32,"Sat","2019-03-30","15:00","Burnley","2_0","Wolves","20990","Turf Moor","Chris Kavanagh","Match Report",,18
"339",32,"Sat","2019-03-30","15:00","Brighton","0_1","Southampton","30636","The American Express Community Stadium","Michael Oliver","Match Report",,18
"340",32,"Sat","2019-03-30","15:00","Crystal Palace","2_0","Huddersfield","25193","Selhurst Park","Lee Probert","Match Report",,18
"341",32,"Sat","2019-03-30","15:00","Manchester Utd","2_1","Watford","74543","Old Trafford","Stuart Attwell","Match Report",,18
"342",32,"Sat","2019-03-30","15:00","Leicester City","2_0","Bournemouth","31530","King Power Stadium","Lee Mason","Match Report",,18
"343",32,"Sat","2019-03-30","17:30","West Ham","0_2","Everton","59988","London Stadium","Paul Tierney","Match Report",,18
"344",32,"Sun","2019-03-31","14:05","Cardiff City","1_2","Chelsea","32657","Cardiff City Stadium","Craig Pawson","Match Report",,18
"345",32,"Sun","2019-03-31","16:30","Liverpool","2_1","Tottenham","53322","Anfield","Martin Atkinson","Match Report",,18
"346",32,"Mon","2019-04-01","20:00","Arsenal","2_0","Newcastle Utd","59869","Emirates Stadium","Anthony Taylor","Match Report",,18
"348",33,"Tue","2019-04-02","19:45","Watford","4_1","Fulham","17301","Vicarage Road Stadium","Roger East","Match Report",,18
"349",33,"Tue","2019-04-02","19:45","Wolves","2_1","Manchester Utd","31302","Molineux Stadium","Mike Dean","Match Report",,18
"351",27,"Wed","2019-04-03","19:45","Chelsea","3_0","Brighton","38593","Stamford Bridge","Graham Scott","Match Report",,18
"353",31,"Wed","2019-04-03","19:45","Tottenham","2_0","Crystal Palace","59215","Tottenham Hotspur Stadium","Andre Marriner","Match Report",,18
"355",33,"Wed","2019-04-03","19:45","Manchester City","2_0","Cardiff City","53559","Etihad Stadium","Jonathan Moss","Match Report",,18
"356",33,"Fri","2019-04-05","20:00","Southampton","1_3","Liverpool","31797","St. Mary's Stadium","Paul Tierney","Match Report",,18
"357",33,"Sat","2019-04-06","15:00","Bournemouth","1_3","Burnley","10446","Vitality Stadium","Martin Atkinson","Match Report",,18
"358",33,"Sat","2019-04-06","15:00","Newcastle Utd","0_1","Crystal Palace","51926","St. James' Park","Stuart Attwell","Match Report",,18
"359",33,"Sat","2019-04-06","15:00","Huddersfield","1_4","Leicester City","24126","The John Smith's Stadium","David Coote","Match Report",,18
"360",33,"Sun","2019-04-07","14:05","Everton","1_0","Arsenal","39400","Goodison Park","Kevin Friend","Match Report",,18
"361",33,"Mon","2019-04-08","20:00","Chelsea","2_0","West Ham","40537","Stamford Bridge","Chris Kavanagh","Match Report",,18
"363",34,"Fri","2019-04-12","20:00","Leicester City","0_1","Newcastle Utd","32108","King Power Stadium","Chris Kavanagh","Match Report",,18
"364",34,"Sat","2019-04-13","12:30","Tottenham","4_0","Huddersfield","58308","Tottenham Hotspur Stadium","Lee Mason","Match Report",,18
"365",34,"Sat","2019-04-13","15:00","Southampton","3_1","Wolves","31708","St. Mary's Stadium","Jonathan Moss","Match Report",,18
"366",34,"Sat","2019-04-13","15:00","Fulham","2_0","Everton","24971","Craven Cottage","Lee Probert","Match Report",,18
"367",34,"Sat","2019-04-13","15:00","Brighton","0_5","Bournemouth","30460","The American Express Community Stadium","Kevin Friend","Match Report",,18
"368",34,"Sat","2019-04-13","15:00","Burnley","2_0","Cardiff City","21480","Turf Moor","Mike Dean","Match Report",,18
"369",34,"Sat","2019-04-13","17:30","Manchester Utd","2_1","West Ham","74478","Old Trafford","Graham Scott","Match Report",,18
"370",34,"Sun","2019-04-14","14:05","Crystal Palace","1_3","Manchester City","25721","Selhurst Park","Martin Atkinson","Match Report",,18
"371",34,"Sun","2019-04-14","16:30","Liverpool","2_0","Chelsea","53279","Anfield","Michael Oliver","Match Report",,18
"372",34,"Mon","2019-04-15","20:00","Watford","0_1","Arsenal","20480","Vicarage Road Stadium","Craig Pawson","Match Report",,18
"374",31,"Tue","2019-04-16","19:45","Brighton","0_2","Cardiff City","30226","The American Express Community Stadium","Andre Marriner","Match Report",,18
"376",35,"Sat","2019-04-20","12:30","Manchester City","1_0","Tottenham","54489","Etihad Stadium","Michael Oliver","Match Report",,18
"377",35,"Sat","2019-04-20","15:00","Wolves","0_0","Brighton","31096","Molineux Stadium","Craig Pawson","Match Report",,18
"378",35,"Sat","2019-04-20","15:00","West Ham","2_2","Leicester City","59960","London Stadium","Lee Probert","Match Report",,18
"379",35,"Sat","2019-04-20","15:00","Huddersfield","1_2","Watford","23957","The John Smith's Stadium","Roger East","Match Report",,18
"380",35,"Sat","2019-04-20","15:00","Bournemouth","0_1","Fulham","10511","Vitality Stadium","David Coote","Match Report",,18
"381",35,"Sat","2019-04-20","17:30","Newcastle Utd","3_1","Southampton","52191","St. James' Park","Anthony Taylor","Match Report",,18
"382",35,"Sun","2019-04-21","13:30","Everton","4_0","Manchester Utd","39395","Goodison Park","Paul Tierney","Match Report",,18
"383",35,"Sun","2019-04-21","16:00","Arsenal","2_3","Crystal Palace","59929","Emirates Stadium","Jonathan Moss","Match Report",,18
"384",35,"Sun","2019-04-21","16:00","Cardiff City","0_2","Liverpool","33082","Cardiff City Stadium","Martin Atkinson","Match Report",,18
"385",35,"Mon","2019-04-22","20:00","Chelsea","2_2","Burnley","40642","Stamford Bridge","Kevin Friend","Match Report",,18
"387",31,"Tue","2019-04-23","19:45","Watford","1_1","Southampton","19170","Vicarage Road Stadium","Mike Dean","Match Report",,18
"389",33,"Tue","2019-04-23","19:45","Tottenham","1_0","Brighton","56251","Tottenham Hotspur Stadium","Chris Kavanagh","Match Report",,18
"391",31,"Wed","2019-04-24","19:45","Wolves","3_1","Arsenal","31436","Molineux Stadium","Stuart Attwell","Match Report",,18
"392",31,"Wed","2019-04-24","20:00","Manchester Utd","0_2","Manchester City","74431","Old Trafford","Andre Marriner","Match Report",,18
"394",36,"Fri","2019-04-26","20:00","Liverpool","5_0","Huddersfield","53249","Anfield","Kevin Friend","Match Report",,18
"395",36,"Sat","2019-04-27","12:30","Tottenham","0_1","West Ham","60043","Tottenham Hotspur Stadium","Anthony Taylor","Match Report",,18
"396",36,"Sat","2019-04-27","15:00","Southampton","3_3","Bournemouth","31310","St. Mary's Stadium","Graham Scott","Match Report",,18
"397",36,"Sat","2019-04-27","15:00","Crystal Palace","0_0","Everton","25789","Selhurst Park","Lee Mason","Match Report",,18
"398",36,"Sat","2019-04-27","15:00","Fulham","1_0","Cardiff City","23822","Craven Cottage","Chris Kavanagh","Match Report",,18
"399",36,"Sat","2019-04-27","15:00","Watford","1_2","Wolves","20323","Vicarage Road Stadium","Simon Hooper","Match Report",,18
"400",36,"Sat","2019-04-27","17:30","Brighton","1_1","Newcastle Utd","30587","The American Express Community Stadium","Mike Dean","Match Report",,18
"401",36,"Sun","2019-04-28","12:00","Leicester City","3_0","Arsenal","32037","King Power Stadium","Michael Oliver","Match Report",,18
"402",36,"Sun","2019-04-28","14:05","Burnley","0_1","Manchester City","21605","Turf Moor","Paul Tierney","Match Report",,18
"403",36,"Sun","2019-04-28","16:30","Manchester Utd","1_1","Chelsea","74526","Old Trafford","Martin Atkinson","Match Report",,18
"405",37,"Fri","2019-05-03","20:00","Everton","2_0","Burnley","39303","Goodison Park","Chris Kavanagh","Match Report",,18
"406",37,"Sat","2019-05-04","12:30","Bournemouth","1_0","Tottenham","10630","Vitality Stadium","Craig Pawson","Match Report",,18
"407",37,"Sat","2019-05-04","15:00","Wolves","1_0","Fulham","30456","Molineux Stadium","Jonathan Moss","Match Report",,18
"408",37,"Sat","2019-05-04","15:00","West Ham","3_0","Southampton","59961","London Stadium","Stuart Attwell","Match Report",,18
"409",37,"Sat","2019-05-04","17:30","Cardiff City","2_3","Crystal Palace","32133","Cardiff City Stadium","Michael Oliver","Match Report",,18
"410",37,"Sat","2019-05-04","19:45","Newcastle Utd","2_3","Liverpool","52206","St. James' Park","Andre Marriner","Match Report",,18
"411",37,"Sun","2019-05-05","14:00","Huddersfield","1_1","Manchester Utd","24263","The John Smith's Stadium","Lee Mason","Match Report",,18
"412",37,"Sun","2019-05-05","14:00","Chelsea","3_0","Watford","40560","Stamford Bridge","Paul Tierney","Match Report",,18
"413",37,"Sun","2019-05-05","16:30","Arsenal","1_1","Brighton","59965","Emirates Stadium","Anthony Taylor","Match Report",,18
"414",37,"Mon","2019-05-06","20:00","Manchester City","1_0","Leicester City","54506","Etihad Stadium","Mike Dean","Match Report",,18
"416",38,"Sun","2019-05-12","15:00","Burnley","1_3","Arsenal","21461","Turf Moor","Mike Dean","Match Report",,18
"417",38,"Sun","2019-05-12","15:00","Fulham","0_4","Newcastle Utd","24979","Craven Cottage","Kevin Friend","Match Report",,18
"418",38,"Sun","2019-05-12","15:00","Leicester City","0_0","Chelsea","32140","King Power Stadium","Anthony Taylor","Match Report",,18
"419",38,"Sun","2019-05-12","15:00","Liverpool","2_0","Wolves","53331","Anfield","Martin Atkinson","Match Report",,18
"420",38,"Sun","2019-05-12","15:00","Crystal Palace","5_3","Bournemouth","25433","Selhurst Park","Roger East","Match Report",,18
"421",38,"Sun","2019-05-12","15:00","Tottenham","2_2","Everton","60124","Tottenham Hotspur Stadium","Andre Marriner","Match Report",,18
"422",38,"Sun","2019-05-12","15:00","Watford","1_4","West Ham","20067","Vicarage Road Stadium","Chris Kavanagh","Match Report",,18
"423",38,"Sun","2019-05-12","15:00","Manchester Utd","0_2","Cardiff City","74457","Old Trafford","Jonathan Moss","Match Report",,18
"424",38,"Sun","2019-05-12","15:00","Southampton","1_1","Huddersfield","30367","St. Mary's Stadium","Lee Probert","Match Report",,18
"425",38,"Sun","2019-05-12","15:00","Brighton","1_4","Manchester City","30662","The American Express Community Stadium","Michael Oliver","Match Report",,18
